Car_Name,Year,Selling_Price,Present_Price,Kms_Driven,Fuel_Type,Seller_Type,Transmission,Owner
ritz,2014,3.35,5.59,27000,Petrol,Dealer,Manual,0
sx4,2013,4.75,9.54,43000,Diesel,Dealer,Manual,0
ciaz,2017,7.25,9.85,6900,Petrol,Dealer,Manual,0
wagon r,2011,2.85,4.15,5200,Petrol,Dealer,Manual,0
swift,2014,4.6,6.87,42450,Diesel,Dealer,Manual,0
vitara brezza,2018,9.25,9.83,2071,Diesel,Dealer,Manual,0
s cross,2015,6.75,8.61,33429,Diesel,Dealer,Manual,0
alto 800,2017,2.6,3.6,2135,Petrol,Individual,Manual,0
alto k10,2015,3.0,4.89,5427,Petrol,Individual,Manual,0
ignis,2017,4.4,6.49,64532,Petrol,Dealer,Manual,0
baleno,2016,5.4,7.71,35000,Diesel,Dealer,Manual,0
omni,2015,2.5,2.99,24524,Petrol,Individual,Manual,0
fortuner,2015,23.0,30.61,40000,Diesel,Dealer,Automatic,0
ertiga,2015,8.5,18.61,35000,Diesel,Dealer,Manual,0
innova,2017,17.0,23.73,30000,Diesel,Dealer,Manual,0
corolla altis,2011,10.5,18.61,25000,Petrol,Dealer,Manual,0
etios,2014,5.5,7.87,40000,Diesel,Dealer,Manual,0
verna,2014,6.5,9.4,45000,Diesel,Dealer,Manual,0
city,2016,8.5,13.6,25000,Petrol,Dealer,Manual,0
i20,2015,5.5,10.38,32000,Diesel,Dealer,Manual,0
grand i10,2017,4.0,5.8,12000,Petrol,Dealer,Manual,0
i10,2016,3.5,4.43,20000,Petrol,Individual,Manual,0
xcent,2015,4.25,7.13,38000,Petrol,Dealer,Manual,0
creta,2018,10.5,14.0,15000,Diesel,Dealer,Manual,0
brio,2014,3.95,5.98,30000,Petrol,Dealer,Manual,0
jazz,2016,6.0,8.4,25000,Petrol,Dealer,Manual,0
amaze,2015,5.25,9.9,35000,Petrol,Dealer,Manual,0
br-v,2016,6.75,10.5,40000,Diesel,Dealer,Manual,0
redigo,2017,2.5,5.8,15000,Petrol,Individual,Manual,0
kwid,2016,2.85,4.43,20000,Petrol,Individual,Manual,0
